{
  "mean": [
    114.91086158967562,
    2991.093293337287,
    22.58065307662948,
    45.17061378902311,
    49.63125,
    54.083732511056624
  ],
  "scale": [
    175.63639268382573,
    3584.0466224499787,
    40.48986965707712,
    77.21001672614423,
    65.95229543721354,
    82.6858454561179
  ]
}