{
  "network_upload_rate": 0.08508332365162248,
  "session_length": 0.0020352097099043107,
  "screen_off_activity": 0.13701718946286134,
  "background_activity": 0.5295352560476623,
  "packet_count": 0.2114713456671058,
  "upload_variance": 0.03485767546084385
}